,PE1,PE2,PE3,PE4
E,0.4634635938794987,0.854359445102026,2.4472135858801662,6.884788843757024
E_high,0.590239417347087,1.4279880120729744,5.706894655539061,10.757538196406426
E_low,0.36279280928406576,0.5158909964187646,1.0539249442560916,4.412002960453417
GF,0.0022328826881507246,0.0007038662917862357,0.0004928496870442698,6.1142618768399e-06
GF+,0.0001262826090005567,9.028184494690064e-05,0.00014746723186205774,7.508955459383839e-07
GF-,8.798351252209098e-05,6.226028174881738e-05,8.443900628209248e-05,4.773764381117551e-07
